[
    { "model": "product.variant", "pk": 1, "fields": { "created_at": "2022-01-26T07:01:25.301Z", "updated_at": "2022-01-26T07:01:25.301Z", "title": "Size", "description": ".", "active": true } },
    { "model": "product.variant", "pk": 2, "fields": { "created_at": "2022-01-26T07:01:31.138Z", "updated_at": "2022-01-26T07:01:31.138Z", "title": "Color", "description": ".", "active": true } },
    { "model": "product.variant", "pk": 3, "fields": { "created_at": "2022-01-26T07:01:36.878Z", "updated_at": "2022-01-26T07:01:36.878Z", "title": "Style", "description": ".", "active": true } },
    { "model": "product.product", "pk": 1, "fields": { "created_at": "2022-01-26T07:06:13.679Z", "updated_at": "2022-01-26T07:06:13.679Z", "title": "Vintage Alarm Clock Retro Oil Lamp", "sku": "1524149", "description": "." } },
    { "model": "product.product", "pk": 2, "fields": { "created_at": "2022-01-26T07:06:41.029Z", "updated_at": "2022-01-26T07:06:41.029Z", "title": "Navy Blue Color Neck Warmer Winter", "sku": "1524148", "description": "." } },
    { "model": "product.product", "pk": 3, "fields": { "created_at": "2022-01-26T07:07:02.865Z", "updated_at": "2022-01-26T07:07:02.865Z", "title": "Buds Air TWS Earphone True Wireless", "sku": "1524147", "description": "." } },
    { "model": "product.product", "pk": 4, "fields": { "created_at": "2022-01-26T07:08:28.097Z", "updated_at": "2022-01-26T07:08:28.097Z", "title": "Cotton GUDDI", "sku": "54141", "description": "9" } },
    { "model": "product.product", "pk": 5, "fields": { "created_at": "2022-01-26T07:08:55.738Z", "updated_at": "2022-01-26T07:08:55.739Z", "title": "New Collection 2021", "sku": "54143", "description": "9" } },
    { "model": "product.product", "pk": 6, "fields": { "created_at": "2022-01-26T07:09:42.109Z", "updated_at": "2022-01-26T07:09:42.109Z", "title": "New Cotton Causal Smarts Half Shirt for Man's", "sku": "541439", "description": "9" } },
    { "model": "product.productvariant", "pk": 1, "fields": { "created_at": "2022-01-26T07:06:13.683Z", "updated_at": "2022-01-26T07:06:13.683Z", "variant_title": "xl", "variant": 1, "product": 1 } },
    { "model": "product.productvariant", "pk": 2, "fields": { "created_at": "2022-01-26T07:06:13.688Z", "updated_at": "2022-01-26T07:06:13.688Z", "variant_title": "l", "variant": 1, "product": 1 } },
    { "model": "product.productvariant", "pk": 3, "fields": { "created_at": "2022-01-26T07:06:13.692Z", "updated_at": "2022-01-26T07:06:13.692Z", "variant_title": "black", "variant": 2, "product": 1 } },
    { "model": "product.productvariant", "pk": 4, "fields": { "created_at": "2022-01-26T07:06:13.695Z", "updated_at": "2022-01-26T07:06:13.695Z", "variant_title": "full", "variant": 3, "product": 1 } },
    { "model": "product.productvariant", "pk": 5, "fields": { "created_at": "2022-01-26T07:06:13.699Z", "updated_at": "2022-01-26T07:06:13.699Z", "variant_title": "half", "variant": 3, "product": 1 } },
    { "model": "product.productvariant", "pk": 6, "fields": { "created_at": "2022-01-26T07:06:41.034Z", "updated_at": "2022-01-26T07:06:41.034Z", "variant_title": "xl", "variant": 1, "product": 2 } },
    { "model": "product.productvariant", "pk": 7, "fields": { "created_at": "2022-01-26T07:06:41.039Z", "updated_at": "2022-01-26T07:06:41.039Z", "variant_title": "l", "variant": 1, "product": 2 } },
    { "model": "product.productvariant", "pk": 8, "fields": { "created_at": "2022-01-26T07:06:41.043Z", "updated_at": "2022-01-26T07:06:41.043Z", "variant_title": "m", "variant": 1, "product": 2 } },
    { "model": "product.productvariant", "pk": 9, "fields": { "created_at": "2022-01-26T07:06:41.047Z", "updated_at": "2022-01-26T07:06:41.048Z", "variant_title": "black", "variant": 2, "product": 2 } },
    { "model": "product.productvariant", "pk": 10, "fields": { "created_at": "2022-01-26T07:06:41.053Z", "updated_at": "2022-01-26T07:06:41.053Z", "variant_title": "full", "variant": 3, "product": 2 } },
    { "model": "product.productvariant", "pk": 11, "fields": { "created_at": "2022-01-26T07:06:41.057Z", "updated_at": "2022-01-26T07:06:41.057Z", "variant_title": "half", "variant": 3, "product": 2 } },
    { "model": "product.productvariant", "pk": 12, "fields": { "created_at": "2022-01-26T07:07:02.871Z", "updated_at": "2022-01-26T07:07:02.871Z", "variant_title": "xl", "variant": 1, "product": 3 } },
    { "model": "product.productvariant", "pk": 13, "fields": { "created_at": "2022-01-26T07:07:02.876Z", "updated_at": "2022-01-26T07:07:02.876Z", "variant_title": "l", "variant": 1, "product": 3 } },
    { "model": "product.productvariant", "pk": 14, "fields": { "created_at": "2022-01-26T07:07:02.880Z", "updated_at": "2022-01-26T07:07:02.880Z", "variant_title": "m", "variant": 1, "product": 3 } },
    { "model": "product.productvariant", "pk": 15, "fields": { "created_at": "2022-01-26T07:07:02.884Z", "updated_at": "2022-01-26T07:07:02.884Z", "variant_title": "black", "variant": 2, "product": 3 } },
    { "model": "product.productvariant", "pk": 16, "fields": { "created_at": "2022-01-26T07:08:28.105Z", "updated_at": "2022-01-26T07:08:28.105Z", "variant_title": "xl", "variant": 1, "product": 4 } },
    { "model": "product.productvariant", "pk": 17, "fields": { "created_at": "2022-01-26T07:08:28.108Z", "updated_at": "2022-01-26T07:08:28.108Z", "variant_title": "l", "variant": 1, "product": 4 } },
    { "model": "product.productvariant", "pk": 18, "fields": { "created_at": "2022-01-26T07:08:28.113Z", "updated_at": "2022-01-26T07:08:28.113Z", "variant_title": "sm", "variant": 1, "product": 4 } },
    { "model": "product.productvariant", "pk": 19, "fields": { "created_at": "2022-01-26T07:08:28.121Z", "updated_at": "2022-01-26T07:08:28.121Z", "variant_title": "m", "variant": 1, "product": 4 } },
    { "model": "product.productvariant", "pk": 20, "fields": { "created_at": "2022-01-26T07:08:28.125Z", "updated_at": "2022-01-26T07:08:28.125Z", "variant_title": "balck", "variant": 2, "product": 4 } },
    { "model": "product.productvariant", "pk": 21, "fields": { "created_at": "2022-01-26T07:08:28.128Z", "updated_at": "2022-01-26T07:08:28.128Z", "variant_title": "orange", "variant": 2, "product": 4 } },
    { "model": "product.productvariant", "pk": 22, "fields": { "created_at": "2022-01-26T07:08:55.746Z", "updated_at": "2022-01-26T07:08:55.746Z", "variant_title": "xl", "variant": 1, "product": 5 } },
    { "model": "product.productvariant", "pk": 23, "fields": { "created_at": "2022-01-26T07:08:55.751Z", "updated_at": "2022-01-26T07:08:55.751Z", "variant_title": "l", "variant": 1, "product": 5 } },
    { "model": "product.productvariant", "pk": 24, "fields": { "created_at": "2022-01-26T07:08:55.754Z", "updated_at": "2022-01-26T07:08:55.754Z", "variant_title": "sm", "variant": 1, "product": 5 } },
    { "model": "product.productvariant", "pk": 25, "fields": { "created_at": "2022-01-26T07:08:55.757Z", "updated_at": "2022-01-26T07:08:55.757Z", "variant_title": "m", "variant": 1, "product": 5 } },
    { "model": "product.productvariant", "pk": 26, "fields": { "created_at": "2022-01-26T07:08:55.762Z", "updated_at": "2022-01-26T07:08:55.762Z", "variant_title": "balck", "variant": 2, "product": 5 } },
    { "model": "product.productvariant", "pk": 27, "fields": { "created_at": "2022-01-26T07:08:55.765Z", "updated_at": "2022-01-26T07:08:55.765Z", "variant_title": "orange", "variant": 2, "product": 5 } },
    { "model": "product.productvariant", "pk": 28, "fields": { "created_at": "2022-01-26T07:08:55.769Z", "updated_at": "2022-01-26T07:08:55.769Z", "variant_title": "v-nick", "variant": 3, "product": 5 } },
    { "model": "product.productvariant", "pk": 29, "fields": { "created_at": "2022-01-26T07:09:42.116Z", "updated_at": "2022-01-26T07:09:42.116Z", "variant_title": "xl", "variant": 1, "product": 6 } },
    { "model": "product.productvariant", "pk": 30, "fields": { "created_at": "2022-01-26T07:09:42.120Z", "updated_at": "2022-01-26T07:09:42.120Z", "variant_title": "l", "variant": 1, "product": 6 } },
    { "model": "product.productvariant", "pk": 31, "fields": { "created_at": "2022-01-26T07:09:42.124Z", "updated_at": "2022-01-26T07:09:42.124Z", "variant_title": "balck", "variant": 2, "product": 6 } },
    { "model": "product.productvariant", "pk": 32, "fields": { "created_at": "2022-01-26T07:09:42.130Z", "updated_at": "2022-01-26T07:09:42.130Z", "variant_title": "orange", "variant": 2, "product": 6 } },
    { "model": "product.productvariant", "pk": 33, "fields": { "created_at": "2022-01-26T07:09:42.133Z", "updated_at": "2022-01-26T07:09:42.133Z", "variant_title": "v-nick", "variant": 3, "product": 6 } },
    {
        "model": "product.productvariantprice",
        "pk": 1,
        "fields": { "created_at": "2022-01-26T07:06:13.713Z", "updated_at": "2022-01-26T07:06:13.713Z", "product_variant_one": 1, "product_variant_two": 3, "product_variant_three": 4, "price": 7620.0, "stock": 999.0, "product": 1 }
    },
    {
        "model": "product.productvariantprice",
        "pk": 2,
        "fields": { "created_at": "2022-01-26T07:06:13.721Z", "updated_at": "2022-01-26T07:06:13.721Z", "product_variant_one": 1, "product_variant_two": 3, "product_variant_three": 5, "price": 8017.0, "stock": 999.0, "product": 1 }
    },
    {
        "model": "product.productvariantprice",
        "pk": 3,
        "fields": { "created_at": "2022-01-26T07:06:13.730Z", "updated_at": "2022-01-26T07:06:13.730Z", "product_variant_one": 2, "product_variant_two": 3, "product_variant_three": 4, "price": 5939.0, "stock": 999.0, "product": 1 }
    },
    {
        "model": "product.productvariantprice",
        "pk": 4,
        "fields": { "created_at": "2022-01-26T07:06:13.737Z", "updated_at": "2022-01-26T07:06:13.737Z", "product_variant_one": 2, "product_variant_two": 3, "product_variant_three": 5, "price": 9317.0, "stock": 999.0, "product": 1 }
    },
    {
        "model": "product.productvariantprice",
        "pk": 5,
        "fields": { "created_at": "2022-01-26T07:06:41.071Z", "updated_at": "2022-01-26T07:06:41.071Z", "product_variant_one": 1, "product_variant_two": 3, "product_variant_three": 4, "price": 1239.0, "stock": 999.0, "product": 2 }
    },
    {
        "model": "product.productvariantprice",
        "pk": 6,
        "fields": { "created_at": "2022-01-26T07:06:41.082Z", "updated_at": "2022-01-26T07:06:41.082Z", "product_variant_one": 1, "product_variant_two": 3, "product_variant_three": 5, "price": 1055.0, "stock": 999.0, "product": 2 }
    },
    {
        "model": "product.productvariantprice",
        "pk": 7,
        "fields": { "created_at": "2022-01-26T07:06:41.090Z", "updated_at": "2022-01-26T07:06:41.090Z", "product_variant_one": 2, "product_variant_two": 3, "product_variant_three": 4, "price": 4489.0, "stock": 999.0, "product": 2 }
    },
    {
        "model": "product.productvariantprice",
        "pk": 8,
        "fields": { "created_at": "2022-01-26T07:06:41.102Z", "updated_at": "2022-01-26T07:06:41.102Z", "product_variant_one": 2, "product_variant_two": 3, "product_variant_three": 5, "price": 7780.0, "stock": 999.0, "product": 2 }
    },
    {
        "model": "product.productvariantprice",
        "pk": 9,
        "fields": { "created_at": "2022-01-26T07:06:41.112Z", "updated_at": "2022-01-26T07:06:41.112Z", "product_variant_one": 8, "product_variant_two": 3, "product_variant_three": 4, "price": 7537.0, "stock": 999.0, "product": 2 }
    },
    {
        "model": "product.productvariantprice",
        "pk": 10,
        "fields": { "created_at": "2022-01-26T07:06:41.122Z", "updated_at": "2022-01-26T07:06:41.122Z", "product_variant_one": 8, "product_variant_two": 3, "product_variant_three": 5, "price": 5897.0, "stock": 999.0, "product": 2 }
    },
    {
        "model": "product.productvariantprice",
        "pk": 11,
        "fields": { "created_at": "2022-01-26T07:07:02.891Z", "updated_at": "2022-01-26T07:07:02.891Z", "product_variant_one": 1, "product_variant_two": 3, "product_variant_three": 4, "price": 1239.0, "stock": 999.0, "product": 3 }
    },
    {
        "model": "product.productvariantprice",
        "pk": 12,
        "fields": { "created_at": "2022-01-26T07:07:02.899Z", "updated_at": "2022-01-26T07:07:02.899Z", "product_variant_one": 1, "product_variant_two": 3, "product_variant_three": 5, "price": 1055.0, "stock": 999.0, "product": 3 }
    },
    {
        "model": "product.productvariantprice",
        "pk": 13,
        "fields": { "created_at": "2022-01-26T07:07:02.906Z", "updated_at": "2022-01-26T07:07:02.906Z", "product_variant_one": 2, "product_variant_two": 3, "product_variant_three": 4, "price": 4489.0, "stock": 999.0, "product": 3 }
    },
    {
        "model": "product.productvariantprice",
        "pk": 14,
        "fields": { "created_at": "2022-01-26T07:07:02.912Z", "updated_at": "2022-01-26T07:07:02.912Z", "product_variant_one": 2, "product_variant_two": 3, "product_variant_three": 5, "price": 7780.0, "stock": 999.0, "product": 3 }
    },
    {
        "model": "product.productvariantprice",
        "pk": 15,
        "fields": { "created_at": "2022-01-26T07:07:02.920Z", "updated_at": "2022-01-26T07:07:02.920Z", "product_variant_one": 8, "product_variant_two": 3, "product_variant_three": 4, "price": 7537.0, "stock": 999.0, "product": 3 }
    },
    {
        "model": "product.productvariantprice",
        "pk": 16,
        "fields": { "created_at": "2022-01-26T07:07:02.926Z", "updated_at": "2022-01-26T07:07:02.926Z", "product_variant_one": 8, "product_variant_two": 3, "product_variant_three": 5, "price": 5897.0, "stock": 999.0, "product": 3 }
    },
    {
        "model": "product.productvariantprice",
        "pk": 17,
        "fields": { "created_at": "2022-01-26T07:08:28.138Z", "updated_at": "2022-01-26T07:08:28.138Z", "product_variant_one": 1, "product_variant_two": 20, "product_variant_three": null, "price": 9058.0, "stock": 999.0, "product": 4 }
    },
    {
        "model": "product.productvariantprice",
        "pk": 18,
        "fields": { "created_at": "2022-01-26T07:08:28.144Z", "updated_at": "2022-01-26T07:08:28.144Z", "product_variant_one": 1, "product_variant_two": 21, "product_variant_three": null, "price": 8471.0, "stock": 999.0, "product": 4 }
    },
    {
        "model": "product.productvariantprice",
        "pk": 19,
        "fields": { "created_at": "2022-01-26T07:08:28.154Z", "updated_at": "2022-01-26T07:08:28.154Z", "product_variant_one": 2, "product_variant_two": 20, "product_variant_three": null, "price": 6837.0, "stock": 999.0, "product": 4 }
    },
    {
        "model": "product.productvariantprice",
        "pk": 20,
        "fields": { "created_at": "2022-01-26T07:08:28.160Z", "updated_at": "2022-01-26T07:08:28.160Z", "product_variant_one": 2, "product_variant_two": 21, "product_variant_three": null, "price": 6709.0, "stock": 999.0, "product": 4 }
    },
    {
        "model": "product.productvariantprice",
        "pk": 21,
        "fields": { "created_at": "2022-01-26T07:08:28.168Z", "updated_at": "2022-01-26T07:08:28.168Z", "product_variant_one": 18, "product_variant_two": 20, "product_variant_three": null, "price": 1540.0, "stock": 999.0, "product": 4 }
    },
    {
        "model": "product.productvariantprice",
        "pk": 22,
        "fields": { "created_at": "2022-01-26T07:08:28.174Z", "updated_at": "2022-01-26T07:08:28.174Z", "product_variant_one": 18, "product_variant_two": 21, "product_variant_three": null, "price": 6612.0, "stock": 999.0, "product": 4 }
    },
    {
        "model": "product.productvariantprice",
        "pk": 23,
        "fields": { "created_at": "2022-01-26T07:08:28.182Z", "updated_at": "2022-01-26T07:08:28.182Z", "product_variant_one": 8, "product_variant_two": 20, "product_variant_three": null, "price": 9519.0, "stock": 999.0, "product": 4 }
    },
    {
        "model": "product.productvariantprice",
        "pk": 24,
        "fields": { "created_at": "2022-01-26T07:08:28.189Z", "updated_at": "2022-01-26T07:08:28.189Z", "product_variant_one": 8, "product_variant_two": 21, "product_variant_three": null, "price": 7141.0, "stock": 999.0, "product": 4 }
    },
    {
        "model": "product.productvariantprice",
        "pk": 25,
        "fields": { "created_at": "2022-01-26T07:08:55.776Z", "updated_at": "2022-01-26T07:08:55.776Z", "product_variant_one": 1, "product_variant_two": 20, "product_variant_three": 28, "price": 784.0, "stock": 999.0, "product": 5 }
    },
    {
        "model": "product.productvariantprice",
        "pk": 26,
        "fields": { "created_at": "2022-01-26T07:08:55.782Z", "updated_at": "2022-01-26T07:08:55.782Z", "product_variant_one": 1, "product_variant_two": 21, "product_variant_three": 28, "price": 5314.0, "stock": 999.0, "product": 5 }
    },
    {
        "model": "product.productvariantprice",
        "pk": 27,
        "fields": { "created_at": "2022-01-26T07:08:55.788Z", "updated_at": "2022-01-26T07:08:55.788Z", "product_variant_one": 2, "product_variant_two": 20, "product_variant_three": 28, "price": 7838.0, "stock": 999.0, "product": 5 }
    },
    {
        "model": "product.productvariantprice",
        "pk": 28,
        "fields": { "created_at": "2022-01-26T07:08:55.796Z", "updated_at": "2022-01-26T07:08:55.796Z", "product_variant_one": 2, "product_variant_two": 21, "product_variant_three": 28, "price": 7638.0, "stock": 999.0, "product": 5 }
    },
    {
        "model": "product.productvariantprice",
        "pk": 29,
        "fields": { "created_at": "2022-01-26T07:08:55.803Z", "updated_at": "2022-01-26T07:08:55.803Z", "product_variant_one": 18, "product_variant_two": 20, "product_variant_three": 28, "price": 4400.0, "stock": 999.0, "product": 5 }
    },
    {
        "model": "product.productvariantprice",
        "pk": 30,
        "fields": { "created_at": "2022-01-26T07:08:55.811Z", "updated_at": "2022-01-26T07:08:55.811Z", "product_variant_one": 18, "product_variant_two": 21, "product_variant_three": 28, "price": 6301.0, "stock": 999.0, "product": 5 }
    },
    {
        "model": "product.productvariantprice",
        "pk": 31,
        "fields": { "created_at": "2022-01-26T07:08:55.818Z", "updated_at": "2022-01-26T07:08:55.818Z", "product_variant_one": 8, "product_variant_two": 20, "product_variant_three": 28, "price": 2954.0, "stock": 999.0, "product": 5 }
    },
    {
        "model": "product.productvariantprice",
        "pk": 32,
        "fields": { "created_at": "2022-01-26T07:08:55.825Z", "updated_at": "2022-01-26T07:08:55.825Z", "product_variant_one": 8, "product_variant_two": 21, "product_variant_three": 28, "price": 5877.0, "stock": 999.0, "product": 5 }
    },
    {
        "model": "product.productvariantprice",
        "pk": 33,
        "fields": { "created_at": "2022-01-26T07:09:42.140Z", "updated_at": "2022-01-26T07:09:42.140Z", "product_variant_one": 1, "product_variant_two": 20, "product_variant_three": 28, "price": 807.0, "stock": 999.0, "product": 6 }
    },
    {
        "model": "product.productvariantprice",
        "pk": 34,
        "fields": { "created_at": "2022-01-26T07:09:42.148Z", "updated_at": "2022-01-26T07:09:42.148Z", "product_variant_one": 1, "product_variant_two": 21, "product_variant_three": 28, "price": 539.0, "stock": 999.0, "product": 6 }
    },
    {
        "model": "product.productvariantprice",
        "pk": 35,
        "fields": { "created_at": "2022-01-26T07:09:42.154Z", "updated_at": "2022-01-26T07:09:42.154Z", "product_variant_one": 2, "product_variant_two": 20, "product_variant_three": 28, "price": 7747.0, "stock": 999.0, "product": 6 }
    },
    {
        "model": "product.productvariantprice",
        "pk": 36,
        "fields": { "created_at": "2022-01-26T07:09:42.161Z", "updated_at": "2022-01-26T07:09:42.161Z", "product_variant_one": 2, "product_variant_two": 21, "product_variant_three": 28, "price": 7102.0, "stock": 999.0, "product": 6 }
    }
]
